wholesaler_id,po_count,anomaly_count,total,modelname
53834,274,200,52198704,ws_5t
100492,57,26,67446850,ws_5t
140598,81,20,70154593,ws_5t
58028,43,16,135613850,ws_5t
148405,29,15,16789050,ws_5t
53891,30,8,76738999,ws_5t
226471,13,7,6259500,ws_5t
185886,27,5,13101750,ws_5b
151268,9,5,10024000,ws_5b
133328,19,5,44567627,ws_5b
139619,12,4,7781350,ws_5b
158783,7,3,2684401,ws_5b
141815,16,3,6167250,ws_5b
150615,61,3,190978200,ws_5b
1145,60,3,57187300,ws_5b
134349,13,3,376457600,ws_5b
154444,4,2,655000,ws_5b
58508,39,2,73929550,ws_5b
170122,2,2,17531250,ws_5b
132943,37,2,375688100,ws_5b
57955,10,2,7604900,ws_5b
134903,74,2,65891750,ws_5b
135297,15,2,18820200,ws_5b
53908,5,2,205529000,ws_5b
61602,19,2,221633134,ws_5b
184888,14,2,39353700,ws_5b
56544,6,1,9799700,ws_5b
149434,7,1,12442800,ws_5b
140290,1,1,7528400,ws_5b
173009,4,1,11086350,ws_5b
143753,3,1,17614500,ws_5b
100588,6,1,23887250,ws_5b
54011,44,1,60201950,ws_5b
140599,3,1,24057200,ws_5b
244742,2,1,17538000,ws_5b
264460,5,1,13056800,ws_5b
261265,12,1,40490900,ws_5b
54214,27,1,32604600,ws_5b
57646,3,1,14734100,ws_5b
134958,16,1,68135050,ws_5b
54297,21,1,58859250,ws_5b
64592,10,1,26023900,ws_5b
1180976,3,1,20161700,ws_5b
227477,8,1,21395600,ws_5b
164831,3,1,18383250,ws_5b
148790,1,0,207000,ws_5b
151504,5,0,958350,ws_5b
151715,2,0,219500,ws_5b
147817,1,0,711027,ws_5b
151532,8,0,9170000,ws_5b
151511,5,0,5478000,ws_5b
151506,4,0,1336100,ws_5b
147821,7,0,4902900,ws_5b
151464,2,0,2992100,ws_5b
151733,3,0,5393550,ws_5b
151417,28,0,22337250,ws_5b
147837,1,0,1093600,ws_5b
151392,2,0,1242200,ws_5b
151384,3,0,8355800,ws_5b
151347,2,0,3234300,ws_5b
151339,2,0,1444508,ws_5b
151329,1,0,4280000,ws_5b
166626,10,0,4798250,ws_5b
151302,3,0,4230550,ws_5b
151718,1,0,447000,ws_5b
147774,6,0,5338400,ws_5b
151258,9,0,26364200,ws_5b
152366,2,0,1285000,ws_5b
153632,2,0,1397650,ws_5b
153631,8,0,8956450,ws_5b
153567,1,0,860600,ws_5b
153409,1,0,514850,ws_5b
153398,7,0,5118250,ws_5b
147598,3,0,3737650,ws_5b
152378,1,0,925500,ws_5b
147612,1,0,881400,ws_5b
152326,15,0,17411950,ws_5b
151820,2,0,4927000,ws_5b
152262,3,0,3333250,ws_5b
147622,1,0,158000,ws_5b
152205,4,0,3208450,ws_5b
151962,5,0,3567650,ws_5b
151914,1,0,936000,ws_5b
147705,18,0,20302500,ws_5b
151910,8,0,12147350,ws_5b
151838,2,0,1071500,ws_5b
166742,5,0,4984150,ws_5b
150988,1,0,4329500,ws_5b
148837,6,0,43631650,ws_5b
148722,1,0,367500,ws_5b
150313,3,0,5228450,ws_5b
149447,10,0,26756150,ws_5b
149437,3,0,2170550,ws_5b
149436,11,0,6227600,ws_5b
166983,1,0,2264000,ws_5b
148420,7,0,7440800,ws_5b
166934,2,0,1283950,ws_5b
148719,3,0,8440950,ws_5b
148742,2,0,1787000,ws_5b
150427,3,0,1834550,ws_5b
149192,2,0,1849500,ws_5b
149181,1,0,1935500,ws_5b
149171,7,0,8138100,ws_5b
148744,2,0,567300,ws_5b
149170,3,0,9506650,ws_5b
148950,2,0,3458500,ws_5b
148886,2,0,1735500,ws_5b
148844,5,0,4469000,ws_5b
150385,13,0,50561000,ws_5b
150441,1,0,1178000,ws_5b
150878,17,0,11612100,ws_5b
150709,2,0,752000,ws_5b
150858,2,0,2047500,ws_5b
147871,2,0,11542670,ws_5b
148246,27,0,44554900,ws_5b
150837,4,0,5404000,ws_5b
150825,2,0,2367300,ws_5b
148263,3,0,2500682,ws_5b
150793,1,0,1542000,ws_5b
148304,7,0,5449551,ws_5b
148322,4,0,7273500,ws_5b
150477,15,0,47234150,ws_5b
150649,1,0,612000,ws_5b
150637,1,0,2123000,ws_5b
153652,1,0,4002100,ws_5b
150621,1,0,172000,ws_5b
148382,4,0,3149250,ws_5b
150588,3,0,2684150,ws_5b
150572,4,0,2824000,ws_5b
150557,1,0,2798000,ws_5b
165587,1,0,892450,ws_5b
154492,8,0,2208800,ws_5b
153669,2,0,1381500,ws_5b
162218,2,0,714000,ws_5b
162177,1,0,1637500,ws_5b
162151,3,0,6171850,ws_5b
162125,2,0,1713000,ws_5b
162055,2,0,1046450,ws_5b
161881,4,0,5754500,ws_5b
161858,2,0,7636900,ws_5b
165818,2,0,2509650,ws_5b
161833,17,0,8775250,ws_5b
160680,5,0,10397100,ws_5b
160663,2,0,2910650,ws_5b
160659,8,0,9647150,ws_5b
160585,1,0,197500,ws_5b
160571,2,0,3716500,ws_5b
160548,5,0,7856000,ws_5b
160449,1,0,1010700,ws_5b
159970,7,0,11337000,ws_5b
159897,10,0,12494600,ws_5b
159784,2,0,845716,ws_5b
159684,1,0,516500,ws_5b
159113,1,0,2765000,ws_5b
159081,7,0,14722850,ws_5b
162178,1,0,2276650,ws_5b
162764,1,0,1125250,ws_5b
153701,6,0,8477000,ws_5b
162777,3,0,5364800,ws_5b
165218,6,0,6035190,ws_5b
165211,4,0,4991500,ws_5b
165174,7,0,9350350,ws_5b
165124,8,0,6390200,ws_5b
165055,3,0,2783500,ws_5b
164970,1,0,897000,ws_5b
164964,1,0,9307500,ws_5b
164729,24,0,42093600,ws_5b
163890,5,0,3879350,ws_5b
163540,1,0,273000,ws_5b
163538,6,0,21329000,ws_5b
165703,3,0,4141130,ws_5b
163483,1,0,1030550,ws_5b
163443,1,0,1952300,ws_5b
163416,1,0,883400,ws_5b
163318,3,0,3972900,ws_5b
162893,4,0,5964250,ws_5b
162846,6,0,3796250,ws_5b
162837,1,0,1183450,ws_5b
162833,6,0,5476600,ws_5b
162795,2,0,1303477,ws_5b
159072,2,0,1930500,ws_5b
158993,3,0,3014400,ws_5b
158875,4,0,6668750,ws_5b
158744,3,0,4453300,ws_5b
155450,4,0,3921000,ws_5b
155337,4,0,4158550,ws_5b
155304,1,0,1251100,ws_5b
155282,1,0,2805000,ws_5b
155220,2,0,2062300,ws_5b
154613,7,0,4336900,ws_5b
154564,2,0,4914300,ws_5b
154557,18,0,20308300,ws_5b
154547,5,0,19491500,ws_5b
154524,3,0,2758200,ws_5b
147525,2,0,2867400,ws_5b
154518,2,0,999000,ws_5b
154514,2,0,23424000,ws_5b
154509,3,0,1837000,ws_5b
165586,1,0,171000,ws_5b
154435,1,0,8663000,ws_5b
154376,29,0,55432000,ws_5b
153786,1,0,320000,ws_5b
153785,4,0,2470000,ws_5b
153762,5,0,13701100,ws_5b
153719,1,0,558500,ws_5b
155520,3,0,1597550,ws_5b
155615,5,0,2703900,ws_5b
155809,5,0,12540250,ws_5b
157665,2,0,2440850,ws_5b
158723,6,0,9308350,ws_5b
158702,5,0,17747500,ws_5b
158359,6,0,14407700,ws_5b
158293,9,0,13445600,ws_5b
158236,7,0,13269850,ws_5b
166139,2,0,3069900,ws_5b
158147,11,0,6429500,ws_5b
158027,4,0,4109000,ws_5b
157673,2,0,1094800,ws_5b
166479,2,0,891200,ws_5b
155904,1,0,3904500,ws_5b
157442,5,0,6463500,ws_5b
157238,3,0,5914000,ws_5b
157222,2,0,1604700,ws_5b
156672,16,0,18841100,ws_5b
156634,3,0,1353750,ws_5b
156626,3,0,2343500,ws_5b
156625,2,0,1672250,ws_5b
156024,3,0,2397300,ws_5b
155924,15,0,24737700,ws_5b
147545,37,0,52746000,ws_5b
146329,6,0,12677900,ws_5b
147365,1,0,1001730,ws_5b
140944,23,0,26476550,ws_5b
140769,1,0,662000,ws_5b
140752,6,0,5043720,ws_5b
140738,3,0,7191850,ws_5b
140686,2,0,4059750,ws_5b
140578,3,0,13049000,ws_5b
140573,6,0,12937500,ws_5b
140572,2,0,959600,ws_5b
140568,3,0,15650750,ws_5b
140566,2,0,3774200,ws_5b
140544,1,0,1111300,ws_5b
140412,2,0,1788300,ws_5b
140386,3,0,10357000,ws_5b
140372,3,0,10413750,ws_5b
140370,2,0,1558000,ws_5b
140359,7,0,24613100,ws_5b
140356,17,0,15986270,ws_5b
140344,2,0,2986000,ws_5b
140343,1,0,1699050,ws_5b
140341,7,0,7790700,ws_5b
140337,3,0,4002000,ws_5b
140336,5,0,1299300,ws_5b
140326,1,0,2995000,ws_5b
140325,3,0,11806800,ws_5b
140895,1,0,5856000,ws_5b
140994,7,0,5991100,ws_5b
141750,2,0,1294250,ws_5b
141008,1,0,2454000,ws_5b
141689,3,0,2364450,ws_5b
141683,1,0,88000,ws_5b
141675,10,0,10101400,ws_5b
141669,4,0,4631000,ws_5b
141625,1,0,640320,ws_5b
141624,2,0,6766000,ws_5b
141613,5,0,2836500,ws_5b
141611,6,0,43442650,ws_5b
141602,7,0,8443750,ws_5b
141601,2,0,1261000,ws_5b
141588,2,0,1506600,ws_5b
141584,3,0,1740550,ws_5b
141570,2,0,2997000,ws_5b
141564,20,0,44467850,ws_5b
141497,7,0,4656500,ws_5b
141486,4,0,2649500,ws_5b
141462,1,0,680000,ws_5b
141409,8,0,32122924,ws_5b
141381,1,0,6509500,ws_5b
141323,7,0,6560800,ws_5b
141315,2,0,618100,ws_5b
141110,5,0,19022500,ws_5b
141097,2,0,941400,ws_5b
140324,5,0,1993000,ws_5b
140320,3,0,1150850,ws_5b
140316,4,0,2616250,ws_5b
140314,3,0,4971500,ws_5b
140133,6,0,3524750,ws_5b
140132,1,0,1207500,ws_5b
140131,3,0,1611900,ws_5b
140127,6,0,5070800,ws_5b
140100,23,0,13480650,ws_5b
140097,1,0,110500,ws_5b
140094,3,0,3487000,ws_5b
140087,1,0,97000,ws_5b
140017,2,0,2182135,ws_5b
139786,2,0,2475350,ws_5b
139703,1,0,1077500,ws_5b
139702,22,0,54954150,ws_5b
139701,2,0,1548100,ws_5b
139699,2,0,3781500,ws_5b
139686,5,0,5278150,ws_5b
139682,4,0,2209100,ws_5b
139675,20,0,22133000,ws_5b
139666,3,0,5381750,ws_5b
139653,2,0,1932500,ws_5b
139648,10,0,16919000,ws_5b
139640,9,0,23630700,ws_5b
139635,2,0,1672500,ws_5b
139633,2,0,4290000,ws_5b
140138,10,0,15967800,ws_5b
140141,3,0,2919000,ws_5b
140151,17,0,14220490,ws_5b
140218,5,0,7933000,ws_5b
140304,1,0,1875000,ws_5b
140260,12,0,12333100,ws_5b
140258,3,0,10094110,ws_5b
140253,2,0,2420300,ws_5b
140245,5,0,6908000,ws_5b
140242,5,0,3549300,ws_5b
140241,4,0,15398300,ws_5b
140231,5,0,4079800,ws_5b
140228,5,0,2391900,ws_5b
140222,1,0,276500,ws_5b
140204,14,0,47007878,ws_5b
140153,11,0,20612450,ws_5b
140182,4,0,2469000,ws_5b
140174,2,0,917550,ws_5b
140173,1,0,459050,ws_5b
140168,1,0,262000,ws_5b
140165,1,0,3002500,ws_5b
140164,2,0,601000,ws_5b
140161,24,0,23809000,ws_5b
140159,2,0,6241000,ws_5b
140157,4,0,5815000,ws_5b
140156,1,0,1103000,ws_5b
141694,1,0,1292350,ws_5b
141773,1,0,5415375,ws_5b
147289,5,0,6804800,ws_5b
145134,6,0,3421750,ws_5b
145114,11,0,1266750,ws_5b
145109,9,0,8568550,ws_5b
145074,2,0,994000,ws_5b
145033,4,0,7759150,ws_5b
145029,7,0,15060250,ws_5b
145016,3,0,4884000,ws_5b
144992,2,0,9984500,ws_5b
144976,1,0,26995000,ws_5b
144969,7,0,6735500,ws_5b
144940,12,0,26455450,ws_5b
144915,1,0,905300,ws_5b
144899,2,0,701250,ws_5b
144849,6,0,2251875,ws_5b
144783,4,0,4988900,ws_5b
144763,10,0,28269000,ws_5b
144702,4,0,15194900,ws_5b
144667,1,0,1085500,ws_5b
144651,2,0,2349100,ws_5b
143964,12,0,59396900,ws_5b
143962,2,0,4961650,ws_5b
143960,3,0,4157250,ws_5b
143959,3,0,34463000,ws_5b
143958,3,0,1775000,ws_5b
145131,3,0,1569600,ws_5b
145168,5,0,5885100,ws_5b
141801,1,0,470000,ws_5b
145228,1,0,3464900,ws_5b
147246,5,0,13245500,ws_5b
147237,15,0,22272610,ws_5b
146895,5,0,7721250,ws_5b
146687,4,0,2748750,ws_5b
146489,2,0,1707750,ws_5b
167889,1,0,190500,ws_5b
146189,2,0,394000,ws_5b
146179,1,0,1878050,ws_5b
146144,3,0,2436300,ws_5b
146129,1,0,403000,ws_5b
146122,3,0,10388750,ws_5b
146095,4,0,699000,ws_5b
146006,1,0,573300,ws_5b
145859,2,0,3559500,ws_5b
145853,1,0,483000,ws_5b
145763,1,0,468500,ws_5b
145727,1,0,206000,ws_5b
145712,6,0,6337500,ws_5b
145653,2,0,4550250,ws_5b
145641,2,0,3135750,ws_5b
145608,5,0,3025300,ws_5b
145605,3,0,2861000,ws_5b
145575,1,0,233000,ws_5b
143957,3,0,23490513,ws_5b
143945,22,0,14759500,ws_5b
143918,19,0,36336700,ws_5b
143879,13,0,12809600,ws_5b
142424,1,0,674000,ws_5b
142405,2,0,775950,ws_5b
142391,3,0,5520500,ws_5b
142382,5,0,17263600,ws_5b
142377,3,0,8753000,ws_5b
141998,5,0,24916300,ws_5b
141997,2,0,1223000,ws_5b
141988,1,0,1131000,ws_5b
141978,7,0,7648250,ws_5b
141967,1,0,1311000,ws_5b
141952,1,0,3716000,ws_5b
141922,3,0,4464000,ws_5b
141909,3,0,3401000,ws_5b
141908,8,0,92135700,ws_5b
141891,18,0,69629500,ws_5b
141865,8,0,7921500,ws_5b
141859,2,0,2537800,ws_5b
141856,2,0,4736644,ws_5b
141852,1,0,831800,ws_5b
141851,2,0,855600,ws_5b
141828,6,0,7217400,ws_5b
141821,1,0,3293000,ws_5b
141808,1,0,1189400,ws_5b
142438,4,0,13273800,ws_5b
142439,1,0,110250,ws_5b
142447,2,0,630500,ws_5b
142851,2,0,2213600,ws_5b
143760,1,0,1407150,ws_5b
143538,5,0,16162800,ws_5b
143485,1,0,42000,ws_5b
143481,5,0,3348350,ws_5b
143450,20,0,21556700,ws_5b
143435,5,0,6947000,ws_5b
143027,6,0,7925300,ws_5b
142998,2,0,3144500,ws_5b
142968,7,0,14232450,ws_5b
142880,4,0,2791500,ws_5b
142773,2,0,4269500,ws_5b
142463,7,0,9500650,ws_5b
142771,22,0,76052500,ws_5b
142663,6,0,6203550,ws_5b
142655,12,0,69067100,ws_5b
142651,2,0,7834900,ws_5b
142594,2,0,1338300,ws_5b
142568,2,0,7776500,ws_5b
142523,1,0,1032600,ws_5b
142506,1,0,150000,ws_5b
142499,1,0,389900,ws_5b
142495,4,0,3363650,ws_5b
167576,3,0,3564057,ws_5b
1129,2,0,7383550,ws_5b
168198,4,0,6250300,ws_5b
243190,1,0,466000,ws_5b
251689,1,0,825100,ws_5b
251270,1,0,996000,ws_5b
250567,1,0,273500,ws_5b
250272,1,0,221000,ws_5b
250152,1,0,490000,ws_5b
249792,10,0,11440300,ws_5b
249306,4,0,1973600,ws_5b
249071,1,0,104250,ws_5b
248606,10,0,6887000,ws_5b
248375,7,0,18610700,ws_5b
247662,2,0,2243750,ws_5b
246844,4,0,3228700,ws_5b
246698,1,0,476000,ws_5b
245130,1,0,1338500,ws_5b
245060,1,0,412000,ws_5b
244969,2,0,2901000,ws_5b
244721,1,0,1157600,ws_5b
244629,1,0,58500,ws_5b
244259,1,0,377500,ws_5b
243512,1,0,711700,ws_5b
243506,1,0,576900,ws_5b
243454,1,0,809500,ws_5b
243424,1,0,85850,ws_5b
252035,3,0,6525700,ws_5b
252047,1,0,429000,ws_5b
252378,4,0,1953700,ws_5b
256946,1,0,162000,ws_5b
261198,1,0,2780250,ws_5b
261075,2,0,2156950,ws_5b
259517,1,0,418000,ws_5b
259153,3,0,4909100,ws_5b
258655,1,0,1048000,ws_5b
258166,5,0,3956350,ws_5b
258044,1,0,1255000,ws_5b
257315,3,0,2202000,ws_5b
257274,1,0,483400,ws_5b
256957,7,0,6475030,ws_5b
256427,3,0,1031850,ws_5b
252614,2,0,495000,ws_5b
255817,2,0,7934900,ws_5b
254717,1,0,1231000,ws_5b
254434,4,0,3379000,ws_5b
254427,6,0,9544000,ws_5b
254390,1,0,64000,ws_5b
254365,7,0,4086100,ws_5b
253991,1,0,1023500,ws_5b
252844,1,0,554000,ws_5b
252804,1,0,65000,ws_5b
252689,1,0,3607750,ws_5b
243324,1,0,853750,ws_5b
242591,10,0,2372800,ws_5b
232724,3,0,751150,ws_5b
241806,4,0,8143750,ws_5b
236598,23,0,22617143,ws_5b
236594,4,0,953250,ws_5b
235793,53,0,47197650,ws_5b
235565,2,0,806800,ws_5b
235519,2,0,2200800,ws_5b
235504,1,0,970500,ws_5b
235487,6,0,2724750,ws_5b
234839,1,0,1557554,ws_5b
234737,1,0,1963450,ws_5b
234726,2,0,733750,ws_5b
234701,5,0,5317400,ws_5b
234508,2,0,1405500,ws_5b
234367,2,0,429900,ws_5b
234112,2,0,1686900,ws_5b
233837,7,0,5323900,ws_5b
233815,10,0,12102600,ws_5b
233803,5,0,3006300,ws_5b
233752,2,0,630000,ws_5b
233327,12,0,12389150,ws_5b
233295,5,0,6691550,ws_5b
233262,3,0,3356500,ws_5b
232956,2,0,2383100,ws_5b
232842,1,0,1212400,ws_5b
236732,1,0,345000,ws_5b
237560,1,0,207500,ws_5b
237569,4,0,5523200,ws_5b
240236,1,0,1213000,ws_5b
241803,1,0,546650,ws_5b
241800,4,0,26568900,ws_5b
241799,1,0,1846500,ws_5b
241789,1,0,3392550,ws_5b
241780,1,0,2942000,ws_5b
241654,1,0,1165500,ws_5b
241084,3,0,3656100,ws_5b
240957,1,0,1388500,ws_5b
240847,1,0,377500,ws_5b
240413,1,0,183500,ws_5b
239706,6,0,4640150,ws_5b
238084,1,0,257000,ws_5b
238758,11,0,10738500,ws_5b
238680,1,0,1801150,ws_5b
238603,2,0,1512000,ws_5b
238551,1,0,24464800,ws_5b
238400,1,0,235000,ws_5b
238357,1,0,375200,ws_5b
238353,2,0,3465950,ws_5b
238346,2,0,1383000,ws_5b
238099,17,0,28505900,ws_5b
238097,1,0,1586750,ws_5b
261221,1,0,158500,ws_5b
261794,2,0,2710200,ws_5b
262703,2,0,3677000,ws_5b
262889,2,0,1278000,ws_5b
1132009,1,0,411400,ws_5b
1131885,1,0,1297750,ws_5b
1131519,1,0,841000,ws_5b
1131454,1,0,746000,ws_5b
1131320,5,0,4809250,ws_5b
1130469,3,0,2297100,ws_5b
1130411,1,0,676500,ws_5b
1129987,2,0,638550,ws_5b
1128921,2,0,1455950,ws_5b
1128894,7,0,6981350,ws_5b
1127106,1,0,329750,ws_5b
1125828,2,0,2567350,ws_5b
1125789,1,0,829500,ws_5b
1125406,6,0,2409950,ws_5b
1125368,3,0,1546150,ws_5b
1125319,2,0,938950,ws_5b
1124839,2,0,166500,ws_5b
1117875,7,0,5694850,ws_5b
1117153,1,0,1379000,ws_5b
1117095,2,0,945000,ws_5b
1116549,1,0,2733450,ws_5b
1115338,1,0,202200,ws_5b
1114853,1,0,182788,ws_5b
1132355,1,0,349750,ws_5b
1132877,1,0,428400,ws_5b
1133175,2,0,870400,ws_5b
1181306,1,0,844400,ws_5b
1254092,1,0,1,ws_5b
1234305,1,0,3041200,ws_5b
1214831,1,0,444000,ws_5b
1198869,1,0,5042400,ws_5b
1198780,2,0,759000,ws_5b
1193685,2,0,2029000,ws_5b
1193555,4,0,11884400,ws_5b
1193549,2,0,1475400,ws_5b
1188273,1,0,260000,ws_5b
1181317,2,0,34202,ws_5b
1181215,1,0,1491000,ws_5b
1133489,1,0,432300,ws_5b
1177301,2,0,668501,ws_5b
1177300,1,0,249626,ws_5b
1177113,1,0,448300,ws_5b
1171868,1,0,19150500,ws_5b
1164377,1,0,15562500,ws_5b
1155897,1,0,280000,ws_5b
1155025,1,0,2037000,ws_5b
1154181,1,0,6,ws_5b
1150672,1,0,496000,ws_5b
1147105,1,0,279000,ws_5b
1114846,1,0,180000,ws_5b
1114154,1,0,144990,ws_5b
1113830,1,0,807000,ws_5b
764253,1,0,498550,ws_5b
1100407,1,0,1518800,ws_5b
1100265,2,0,1090100,ws_5b
1098867,13,0,29073600,ws_5b
1098024,1,0,628000,ws_5b
1097389,1,0,221000,ws_5b
1093878,13,0,8750800,ws_5b
1091157,2,0,1453000,ws_5b
1090777,6,0,6487000,ws_5b
959851,1,0,906500,ws_5b
780796,1,0,1845700,ws_5b
750906,1,0,1803500,ws_5b
1101430,2,0,115950,ws_5b
498512,1,0,509500,ws_5b
270046,4,0,4125700,ws_5b
268857,4,0,9017500,ws_5b
267481,1,0,319400,ws_5b
265881,7,0,6751850,ws_5b
265419,2,0,3172000,ws_5b
264361,1,0,1257500,ws_5b
264075,2,0,720275,ws_5b
264064,2,0,435700,ws_5b
263682,1,0,2088000,ws_5b
1101189,29,0,49221550,ws_5b
1101683,1,0,422650,ws_5b
1113715,1,0,1108700,ws_5b
1109058,2,0,612550,ws_5b
1113579,1,0,781500,ws_5b
1113363,9,0,5761413,ws_5b
1113017,1,0,238700,ws_5b
1112185,2,0,1002750,ws_5b
1112175,4,0,3733750,ws_5b
1111311,2,0,728350,ws_5b
1111279,1,0,6873000,ws_5b
1111177,2,0,1185645,ws_5b
1110850,1,0,7000,ws_5b
1110310,1,0,209000,ws_5b
1108871,1,0,498500,ws_5b
1101799,2,0,294000,ws_5b
1107940,1,0,1039400,ws_5b
1107599,2,0,768250,ws_5b
1107227,3,0,31168500,ws_5b
1105760,2,0,781000,ws_5b
1105694,5,0,3999200,ws_5b
1104943,1,0,249900,ws_5b
1104591,2,0,2032450,ws_5b
1104175,3,0,1540300,ws_5b
1103830,2,0,7193200,ws_5b
1103422,3,0,7063700,ws_5b
232810,5,0,4547050,ws_5b
232688,3,0,10153700,ws_5b
168240,1,0,835450,ws_5b
173728,2,0,3931000,ws_5b
178815,1,0,456000,ws_5b
178278,2,0,6709000,ws_5b
178213,1,0,2793000,ws_5b
178165,2,0,15647900,ws_5b
177897,3,0,1310500,ws_5b
177584,2,0,4196700,ws_5b
177276,2,0,2407750,ws_5b
177146,10,0,21927700,ws_5b
176968,5,0,8676650,ws_5b
176962,2,0,3146550,ws_5b
176929,3,0,4459650,ws_5b
176077,2,0,699900,ws_5b
175615,4,0,5396150,ws_5b
175613,17,0,14780633,ws_5b
175585,1,0,2576000,ws_5b
175330,4,0,13231400,ws_5b
175290,1,0,7659000,ws_5b
174968,3,0,4004750,ws_5b
174951,5,0,11441500,ws_5b
174468,1,0,1879750,ws_5b
174454,2,0,3278650,ws_5b
173825,3,0,4158750,ws_5b
173800,1,0,1801500,ws_5b
178819,3,0,3653000,ws_5b
178839,3,0,1807350,ws_5b
178864,3,0,1164850,ws_5b
185240,5,0,10435500,ws_5b
187266,4,0,2973450,ws_5b
186730,17,0,12174750,ws_5b
186549,1,0,4622500,ws_5b
186487,6,0,8162000,ws_5b
186207,3,0,6770500,ws_5b
186145,1,0,1026650,ws_5b
186112,1,0,4498700,ws_5b
185687,10,0,7989150,ws_5b
185639,2,0,1045500,ws_5b
185379,2,0,2874000,ws_5b
183958,13,0,6746750,ws_5b
179193,3,0,1180500,ws_5b
183635,4,0,4732503,ws_5b
183364,3,0,1917600,ws_5b
183360,12,0,10438000,ws_5b
182952,2,0,3104100,ws_5b
182518,1,0,581500,ws_5b
182377,3,0,2753900,ws_5b
182304,2,0,2714750,ws_5b
180942,1,0,81200,ws_5b
180478,3,0,5441250,ws_5b
180312,5,0,3884000,ws_5b
173764,6,0,26518000,ws_5b
173684,11,0,14993400,ws_5b
232623,23,0,16474650,ws_5b
173451,3,0,1274050,ws_5b
170824,5,0,3850400,ws_5b
170823,4,0,5550500,ws_5b
170591,4,0,5847250,ws_5b
170543,4,0,5639300,ws_5b
170507,1,0,3129000,ws_5b
170435,2,0,3435600,ws_5b
170249,1,0,272500,ws_5b
170242,8,0,8376050,ws_5b
170237,1,0,724000,ws_5b
170118,26,0,23196700,ws_5b
169413,1,0,586250,ws_5b
169363,1,0,414750,ws_5b
169347,1,0,245750,ws_5b
169334,8,0,6477267,ws_5b
139629,1,0,1353500,ws_5b
168997,2,0,1499450,ws_5b
168895,6,0,1594500,ws_5b
168858,9,0,3796400,ws_5b
168783,3,0,4512000,ws_5b
168740,1,0,4090500,ws_5b
168619,1,0,1464500,ws_5b
168345,1,0,695700,ws_5b
168284,4,0,17568000,ws_5b
170839,3,0,4058500,ws_5b
170847,2,0,1637400,ws_5b
170856,6,0,5953500,ws_5b
172134,2,0,418200,ws_5b
173382,9,0,9862000,ws_5b
173270,1,0,1354700,ws_5b
173243,2,0,5879000,ws_5b
172996,1,0,174500,ws_5b
172989,5,0,12255750,ws_5b
172820,1,0,22200,ws_5b
172815,19,0,56690600,ws_5b
172708,8,0,8030700,ws_5b
172574,8,0,38286000,ws_5b
172552,1,0,971000,ws_5b
171911,1,0,368300,ws_5b
170882,1,0,1246800,ws_5b
171816,2,0,11263900,ws_5b
171800,5,0,4712500,ws_5b
171776,28,0,30548950,ws_5b
171769,1,0,3585000,ws_5b
171732,1,0,1148900,ws_5b
171241,2,0,3153650,ws_5b
171240,7,0,23841400,ws_5b
171226,5,0,3167300,ws_5b
171200,4,0,2656600,ws_5b
171118,6,0,2250800,ws_5b
187676,5,0,5830100,ws_5b
187969,3,0,1618000,ws_5b
188377,1,0,107000,ws_5b
189624,8,0,7647600,ws_5b
224763,2,0,34871500,ws_5b
224636,5,0,4232150,ws_5b
224429,6,0,7706450,ws_5b
223410,1,0,1520250,ws_5b
222819,1,0,3531000,ws_5b
222298,2,0,516500,ws_5b
222294,1,0,494500,ws_5b
222228,3,0,5978000,ws_5b
222158,4,0,5608750,ws_5b
221255,1,0,2334500,ws_5b
220785,2,0,3569500,ws_5b
220732,2,0,6057500,ws_5b
220082,15,0,16499050,ws_5b
218183,2,0,994000,ws_5b
217185,1,0,2006500,ws_5b
216655,1,0,4117000,ws_5b
216512,4,0,6903950,ws_5b
216487,2,0,1116100,ws_5b
216416,3,0,1161000,ws_5b
215002,2,0,20400000,ws_5b
213686,1,0,5401600,ws_5b
212932,2,0,1475000,ws_5b
212792,2,0,2428500,ws_5b
224906,1,0,668850,ws_5b
226313,1,0,748550,ws_5b
226747,6,0,3843400,ws_5b
229870,4,0,9938400,ws_5b
232562,1,0,298250,ws_5b
232538,1,0,2516000,ws_5b
232448,2,0,885000,ws_5b
232412,1,0,748500,ws_5b
232003,1,0,277000,ws_5b
230531,16,0,11223250,ws_5b
230380,6,0,8525450,ws_5b
230348,9,0,5963600,ws_5b
230097,6,0,2400500,ws_5b
229924,1,0,4546000,ws_5b
229683,2,0,1683900,ws_5b
226796,3,0,1028100,ws_5b
229599,9,0,30655500,ws_5b
227995,6,0,4035350,ws_5b
227952,2,0,1251700,ws_5b
227934,1,0,931250,ws_5b
227738,1,0,2260400,ws_5b
227649,2,0,4355700,ws_5b
227642,1,0,21300,ws_5b
227614,1,0,1756500,ws_5b
227524,4,0,9068000,ws_5b
227055,4,0,3694400,ws_5b
212565,2,0,5000500,ws_5b
212308,13,0,23086400,ws_5b
212263,5,0,3837500,ws_5b
194753,6,0,7923491,ws_5b
199270,2,0,1564000,ws_5b
199049,2,0,1752050,ws_5b
199030,6,0,7174500,ws_5b
197776,3,0,2476500,ws_5b
197497,1,0,759000,ws_5b
197243,4,0,3456900,ws_5b
197027,12,0,32533800,ws_5b
196354,2,0,4686500,ws_5b
195118,1,0,106000,ws_5b
194760,2,0,3280000,ws_5b
194742,4,0,9713700,ws_5b
199748,2,0,2985000,ws_5b
194546,2,0,579300,ws_5b
194544,7,0,9199500,ws_5b
194117,6,0,4889900,ws_5b
194081,3,0,1495700,ws_5b
191450,1,0,1396500,ws_5b
190292,3,0,2728000,ws_5b
190281,1,0,350000,ws_5b
190269,6,0,4592500,ws_5b
189876,1,0,3230750,ws_5b
189701,1,0,680500,ws_5b
199559,1,0,609650,ws_5b
199948,3,0,4730700,ws_5b
209569,1,0,727000,ws_5b
205801,1,0,4901750,ws_5b
209218,1,0,4145500,ws_5b
208993,4,0,3089250,ws_5b
208980,1,0,345000,ws_5b
208561,1,0,7518500,ws_5b
207938,12,0,37926150,ws_5b
207615,1,0,1589500,ws_5b
207189,1,0,269500,ws_5b
206720,3,0,1836350,ws_5b
206680,3,0,3713550,ws_5b
206191,1,0,1056500,ws_5b
205643,3,0,4207550,ws_5b
200423,4,0,1067300,ws_5b
205614,4,0,3381000,ws_5b
204089,6,0,3762500,ws_5b
203834,2,0,760000,ws_5b
203201,1,0,639350,ws_5b
202720,2,0,1558400,ws_5b
202670,5,0,1293600,ws_5b
201680,1,0,2302000,ws_5b
200915,1,0,610400,ws_5b
200826,1,0,791000,ws_5b
200673,6,0,14580850,ws_5b
169010,28,0,60339405,ws_5b
139451,3,0,2033700,ws_5b
139623,1,0,427500,ws_5b
56564,1,0,754000,ws_5b
56964,4,0,14878600,ws_5b
56945,26,0,67140049,ws_5b
56918,3,0,3711850,ws_5b
56909,14,0,16609300,ws_5b
56897,4,0,1786100,ws_5b
56885,1,0,490400,ws_5b
56866,1,0,1666350,ws_5b
56862,5,0,23613400,ws_5b
56853,14,0,25904850,ws_5b
56698,3,0,3275000,ws_5b
56677,19,0,56392700,ws_5b
56663,17,0,20864462,ws_5b
56656,5,0,6073000,ws_5b
56651,2,0,6375900,ws_5b
56644,45,0,57837500,ws_5b
56639,9,0,12055850,ws_5b
56636,12,0,24954900,ws_5b
56620,7,0,9142500,ws_5b
56607,2,0,9866900,ws_5b
56579,5,0,8653650,ws_5b
56578,23,0,25776850,ws_5b
56574,19,0,99075750,ws_5b
56572,2,0,4791500,ws_5b
57325,2,0,2072450,ws_5b
57352,4,0,4811400,ws_5b
57354,6,0,12990600,ws_5b
57419,4,0,13086450,ws_5b
57656,3,0,13777150,ws_5b
57655,4,0,1941000,ws_5b
57653,7,0,8101900,ws_5b
57640,12,0,49314850,ws_5b
57637,14,0,28843100,ws_5b
57631,1,0,520700,ws_5b
57630,16,0,42453600,ws_5b
57629,3,0,3317800,ws_5b
57600,2,0,5103800,ws_5b
57420,1,0,990500,ws_5b
57415,5,0,2715545,ws_5b
57355,5,0,10171500,ws_5b
57412,3,0,1745000,ws_5b
57409,5,0,17663000,ws_5b
57404,19,0,40603800,ws_5b
57382,3,0,6571600,ws_5b
57380,1,0,942882,ws_5b
57379,5,0,16554020,ws_5b
57370,2,0,3843500,ws_5b
57369,1,0,738950,ws_5b
57365,1,0,312500,ws_5b
57364,7,0,8764400,ws_5b
56571,27,0,146164800,ws_5b
56563,16,0,42916900,ws_5b
55690,2,0,1878500,ws_5b
56561,3,0,974700,ws_5b
56124,8,0,11516525,ws_5b
56123,7,0,4619525,ws_5b
56122,7,0,7036450,ws_5b
56121,5,0,5319650,ws_5b
56120,1,0,183150,ws_5b
56117,8,0,7295900,ws_5b
56116,2,0,3554750,ws_5b
56113,20,0,18279100,ws_5b
56104,1,0,588000,ws_5b
56098,15,0,16630550,ws_5b
56084,2,0,1190500,ws_5b
56052,1,0,2153300,ws_5b
55990,20,0,12704083,ws_5b
55979,2,0,1153500,ws_5b
55967,6,0,5031100,ws_5b
55963,3,0,2094850,ws_5b
55952,52,0,67716114,ws_5b
55948,1,0,1371500,ws_5b
55925,1,0,114500,ws_5b
55729,2,0,3058000,ws_5b
55723,1,0,522000,ws_5b
55704,5,0,3798350,ws_5b
55697,6,0,7561000,ws_5b
56126,4,0,2327150,ws_5b
56127,19,0,25997471,ws_5b
56128,7,0,9594520,ws_5b
56523,1,0,633975,ws_5b
56556,1,0,491300,ws_5b
56553,9,0,12028000,ws_5b
56552,6,0,5491100,ws_5b
56542,4,0,1568750,ws_5b
56540,7,0,55661600,ws_5b
56539,1,0,870350,ws_5b
56535,1,0,198750,ws_5b
56529,8,0,12721800,ws_5b
56528,2,0,763000,ws_5b
56525,11,0,29393100,ws_5b
56517,3,0,4655200,ws_5b
56141,8,0,9309200,ws_5b
56475,2,0,1761900,ws_5b
56210,11,0,21131350,ws_5b
56161,11,0,19776400,ws_5b
56159,4,0,17408450,ws_5b
56157,13,0,46958050,ws_5b
56156,4,0,2275000,ws_5b
56155,12,0,18566400,ws_5b
56154,1,0,790250,ws_5b
56149,1,0,340000,ws_5b
56146,2,0,1625250,ws_5b
57662,16,0,75636100,ws_5b
57665,2,0,4917250,ws_5b
57669,1,0,2332000,ws_5b
57671,5,0,9149850,ws_5b
58969,2,0,1073700,ws_5b
58966,2,0,10988400,ws_5b
58963,1,0,268000,ws_5b
58687,4,0,3515800,ws_5b
58677,1,0,73500,ws_5b
58641,14,0,18107000,ws_5b
58639,2,0,3090300,ws_5b
58634,14,0,53226950,ws_5b
58524,2,0,3187500,ws_5b
58496,16,0,44836350,ws_5b
58492,2,0,8376000,ws_5b
58490,3,0,6941900,ws_5b
58489,4,0,4235650,ws_5b
58484,1,0,1106500,ws_5b
58464,19,0,32900850,ws_5b
58453,9,0,1561200,ws_5b
58446,8,0,8679000,ws_5b
58438,8,0,24972250,ws_5b
58380,11,0,7284500,ws_5b
58372,8,0,13663200,ws_5b
58302,1,0,3307250,ws_5b
58259,1,0,739500,ws_5b
58257,1,0,779000,ws_5b
58981,6,0,4839000,ws_5b
58988,4,0,11365300,ws_5b
59013,2,0,2125350,ws_5b
59398,2,0,1654700,ws_5b
59812,3,0,5010300,ws_5b
59810,3,0,2621850,ws_5b
59793,1,0,396250,ws_5b
59708,4,0,9379600,ws_5b
59554,1,0,2131700,ws_5b
59502,16,0,45846900,ws_5b
59497,2,0,2170850,ws_5b
59433,2,0,1400000,ws_5b
59421,2,0,4136800,ws_5b
59417,2,0,1421000,ws_5b
59280,1,0,966350,ws_5b
59025,2,0,1084300,ws_5b
59208,3,0,3862100,ws_5b
59134,7,0,20659550,ws_5b
59133,4,0,9295950,ws_5b
59125,3,0,7364000,ws_5b
59104,1,0,972100,ws_5b
59096,2,0,2742750,ws_5b
59094,3,0,5744400,ws_5b
59050,8,0,5961800,ws_5b
59046,1,0,765400,ws_5b
59040,1,0,3496500,ws_5b
58245,1,0,302500,ws_5b
58238,10,0,12617450,ws_5b
58227,15,0,12315700,ws_5b
57782,8,0,10531900,ws_5b
57933,12,0,27793500,ws_5b
57925,12,0,19580572,ws_5b
57918,10,0,18170892,ws_5b
57916,2,0,1702400,ws_5b
57914,1,0,1701550,ws_5b
57908,3,0,2198850,ws_5b
57907,1,0,1274900,ws_5b
57898,2,0,590700,ws_5b
57796,2,0,6609100,ws_5b
57787,4,0,2729200,ws_5b
57763,2,0,1183350,ws_5b
57949,15,0,30066200,ws_5b
57760,5,0,13191500,ws_5b
57751,1,0,491000,ws_5b
57731,4,0,4338650,ws_5b
57727,1,0,338500,ws_5b
57718,12,0,17499000,ws_5b
57705,4,0,4005350,ws_5b
57699,1,0,5970800,ws_5b
57698,7,0,13705278,ws_5b
57695,7,0,18676600,ws_5b
57686,4,0,4695450,ws_5b
57942,8,0,6492050,ws_5b
57951,2,0,1546100,ws_5b
58221,1,0,2186000,ws_5b
58030,3,0,5620350,ws_5b
58212,3,0,3315300,ws_5b
58210,4,0,3577400,ws_5b
58209,3,0,2908050,ws_5b
58208,3,0,534850,ws_5b
58207,11,0,1681200,ws_5b
58205,16,0,21593050,ws_5b
58198,1,0,557500,ws_5b
58187,2,0,1048500,ws_5b
58184,4,0,10426700,ws_5b
58036,1,0,2303300,ws_5b
58020,2,0,8745900,ws_5b
57958,3,0,1712900,ws_5b
58014,1,0,2110750,ws_5b
58002,7,0,5074400,ws_5b
57995,2,0,839500,ws_5b
57993,8,0,13097000,ws_5b
57991,18,0,20434300,ws_5b
57980,4,0,3839050,ws_5b
57970,20,0,24401100,ws_5b
57966,16,0,75490700,ws_5b
57962,2,0,1193900,ws_5b
57961,1,0,1801750,ws_5b
55696,45,0,64926100,ws_5b
55617,1,0,1063850,ws_5b
59850,1,0,719000,ws_5b
53907,2,0,2997700,ws_5b
54016,3,0,2379250,ws_5b
54015,4,0,2238050,ws_5b
54013,2,0,2149000,ws_5b
54007,3,0,2161900,ws_5b
54006,8,0,7851150,ws_5b
54005,6,0,8080550,ws_5b
54000,10,0,12213550,ws_5b
53999,3,0,1723500,ws_5b
53998,2,0,2375000,ws_5b
53997,8,0,5986800,ws_5b
53996,1,0,340000,ws_5b
53992,1,0,996200,ws_5b
53990,12,0,20032650,ws_5b
53989,22,0,13834842,ws_5b
53926,1,0,459800,ws_5b
53923,19,0,18910750,ws_5b
53922,1,0,1206100,ws_5b
53921,3,0,7670600,ws_5b
53920,8,0,20743950,ws_5b
53919,2,0,1904550,ws_5b
53918,4,0,924150,ws_5b
53913,1,0,758000,ws_5b
53912,10,0,15255100,ws_5b
54017,1,0,382960,ws_5b
54019,9,0,6257650,ws_5b
54020,21,0,17061740,ws_5b
54049,11,0,22152550,ws_5b
54188,27,0,34494300,ws_5b
54185,6,0,3853200,ws_5b
54060,2,0,1438944,ws_5b
54057,6,0,5179750,ws_5b
54056,1,0,258500,ws_5b
54055,7,0,27411652,ws_5b
54054,1,0,205700,ws_5b
54052,13,0,25832550,ws_5b
54051,3,0,18946950,ws_5b
54050,9,0,19446600,ws_5b
54048,10,0,8560050,ws_5b
54022,201,0,65828174,ws_5b
54046,5,0,6776050,ws_5b
54043,6,0,4618475,ws_5b
54042,5,0,5898860,ws_5b
54039,3,0,7938500,ws_5b
54038,11,0,21875290,ws_5b
54037,12,0,24390950,ws_5b
54036,5,0,6479700,ws_5b
54031,3,0,5181900,ws_5b
54029,5,0,7108180,ws_5b
54027,15,0,27948900,ws_5b
53910,1,0,1625850,ws_5b
53905,12,0,29992350,ws_5b
55616,4,0,5741900,ws_5b
53904,6,0,6540250,ws_5b
53825,5,0,10439950,ws_5b
53818,2,0,3134750,ws_5b
53814,2,0,2740000,ws_5b
53807,16,0,40402850,ws_5b
53803,1,0,1925450,ws_5b
53744,20,0,44845600,ws_5b
53633,5,0,6340000,ws_5b
53631,15,0,41938340,ws_5b
53629,15,0,27874200,ws_5b
53628,9,0,8941000,ws_5b
2401,2,0,480000,ws_5b
1151,20,0,25763575,ws_5b
1150,3,0,1422300,ws_5b
1149,5,0,11142370,ws_5b
1148,5,0,5111300,ws_5b
1147,19,0,50836750,ws_5b
1146,1,0,135100,ws_5b
1142,8,0,8128250,ws_5b
1138,10,0,31975100,ws_5b
1137,14,0,65719800,ws_5b
1136,8,0,47534500,ws_5b
1132,5,0,2299500,ws_5b
1131,67,0,34051700,ws_5b
53829,35,0,49259722,ws_5b
53830,11,0,22808650,ws_5b
53835,5,0,6693294,ws_5b
53876,1,0,720500,ws_5b
53903,8,0,9068650,ws_5b
53902,1,0,2570100,ws_5b
53898,5,0,4579500,ws_5b
53897,2,0,3524600,ws_5b
53890,3,0,4201300,ws_5b
53887,2,0,3801950,ws_5b
53886,8,0,17910700,ws_5b
53885,5,0,4320550,ws_5b
53880,5,0,6517850,ws_5b
53879,2,0,653350,ws_5b
53875,2,0,19027850,ws_5b
53837,1,0,326250,ws_5b
53874,5,0,8239800,ws_5b
53872,8,0,11456100,ws_5b
53859,8,0,11759200,ws_5b
53858,1,0,1365550,ws_5b
53856,3,0,11065350,ws_5b
53852,8,0,32405000,ws_5b
53849,1,0,35500,ws_5b
53847,3,0,9068200,ws_5b
53845,13,0,8545375,ws_5b
53841,18,0,15571800,ws_5b
54197,1,0,78000,ws_5b
54199,14,0,18140550,ws_5b
54200,8,0,7738100,ws_5b
54201,2,0,3503600,ws_5b
55001,41,0,77494250,ws_5b
54995,91,0,286260650,ws_5b
54986,1,0,227500,ws_5b
54849,3,0,3076500,ws_5b
54848,3,0,1490900,ws_5b
54839,2,0,2502800,ws_5b
54837,13,0,8849600,ws_5b
54831,3,0,2879750,ws_5b
54815,8,0,9447550,ws_5b
54805,4,0,20380700,ws_5b
54802,8,0,23380800,ws_5b
54742,1,0,811000,ws_5b
54741,5,0,10574900,ws_5b
54737,22,0,23580775,ws_5b
54736,2,0,1345900,ws_5b
54695,8,0,7891725,ws_5b
54693,3,0,2022000,ws_5b
54616,26,0,73161950,ws_5b
54610,18,0,63298325,ws_5b
54599,1,0,621300,ws_5b
54587,2,0,1931750,ws_5b
54586,6,0,17065850,ws_5b
54585,2,0,3028450,ws_5b
55005,1,0,883700,ws_5b
55014,1,0,1309500,ws_5b
55018,2,0,2256600,ws_5b
55252,1,0,220000,ws_5b
55600,3,0,6040500,ws_5b
55548,8,0,10366800,ws_5b
55289,38,0,73773650,ws_5b
55283,1,0,1155125,ws_5b
55278,1,0,1217500,ws_5b
55277,2,0,3974700,ws_5b
55275,5,0,5583400,ws_5b
55265,3,0,16576100,ws_5b
55261,1,0,296000,ws_5b
55253,10,0,27083400,ws_5b
55249,3,0,2137800,ws_5b
55081,10,0,22492000,ws_5b
55241,15,0,9767900,ws_5b
55228,4,0,9292925,ws_5b
55202,8,0,7239724,ws_5b
55192,5,0,5615550,ws_5b
55190,2,0,14313100,ws_5b
55184,2,0,2276500,ws_5b
55164,6,0,2997000,ws_5b
55162,5,0,9783500,ws_5b
55148,4,0,1592200,ws_5b
55083,1,0,612000,ws_5b
54584,39,0,129538100,ws_5b
54581,2,0,555500,ws_5b
54577,24,0,17193850,ws_5b
54266,2,0,1532350,ws_5b
54326,2,0,29286455,ws_5b
54321,3,0,698350,ws_5b
54307,30,0,50032500,ws_5b
54306,2,0,1784750,ws_5b
54295,2,0,26184500,ws_5b
54288,2,0,675300,ws_5b
54281,7,0,14314400,ws_5b
54276,2,0,1586000,ws_5b
54274,1,0,625725,ws_5b
54268,6,0,6250100,ws_5b
54265,2,0,6216800,ws_5b
54334,8,0,10427500,ws_5b
54264,15,0,48812925,ws_5b
54254,2,0,590100,ws_5b
54245,4,0,19539600,ws_5b
54241,1,0,1839900,ws_5b
54236,2,0,2317700,ws_5b
54226,2,0,4001500,ws_5b
54209,4,0,8644400,ws_5b
54207,15,0,20852350,ws_5b
54204,10,0,8137600,ws_5b
54202,2,0,1150500,ws_5b
54331,4,0,6885750,ws_5b
54337,1,0,453000,ws_5b
54528,2,0,1248250,ws_5b
54461,5,0,5264250,ws_5b
54526,11,0,31142200,ws_5b
54518,2,0,2285000,ws_5b
54509,4,0,10908050,ws_5b
54486,5,0,5630650,ws_5b
54484,2,0,13772800,ws_5b
54482,2,0,1881850,ws_5b
54480,8,0,6546500,ws_5b
54478,21,0,33962425,ws_5b
54470,2,0,983800,ws_5b
54465,5,0,7325500,ws_5b
54459,13,0,27664700,ws_5b
54441,3,0,2903550,ws_5b
54457,1,0,656500,ws_5b
54456,1,0,124000,ws_5b
54454,9,0,7220290,ws_5b
54452,10,0,12513850,ws_5b
54449,22,0,31626085,ws_5b
54448,7,0,8624250,ws_5b
54445,3,0,1816000,ws_5b
54444,19,0,20421000,ws_5b
54443,6,0,2981000,ws_5b
54442,1,0,331500,ws_5b
59830,1,0,1144500,ws_5b
59892,4,0,5297000,ws_5b
139586,12,0,23302700,ws_5b
137079,28,0,40165300,ws_5b
137546,1,0,2625550,ws_5b
137518,8,0,8459000,ws_5b
137508,2,0,6037500,ws_5b
137200,2,0,2397900,ws_5b
137199,3,0,12302300,ws_5b
137184,16,0,13147600,ws_5b
137180,8,0,5441500,ws_5b
137175,4,0,5913700,ws_5b
137164,3,0,7528250,ws_5b
137154,3,0,1070500,ws_5b
137151,3,0,4011900,ws_5b
137143,1,0,502000,ws_5b
137142,5,0,1811500,ws_5b
137141,11,0,29395300,ws_5b
137140,5,0,3413000,ws_5b
137139,4,0,26001300,ws_5b
137129,1,0,2482450,ws_5b
137121,9,0,12539700,ws_5b
137109,5,0,16483000,ws_5b
137104,1,0,319500,ws_5b
137102,1,0,7067000,ws_5b
137089,6,0,24653000,ws_5b
137088,19,0,50221500,ws_5b
137566,2,0,1942900,ws_5b
137568,1,0,1066600,ws_5b
137584,8,0,10782400,ws_5b
137690,2,0,3228550,ws_5b
137744,1,0,306200,ws_5b
137735,10,0,22500500,ws_5b
137732,5,0,2831150,ws_5b
137729,4,0,2574500,ws_5b
137722,8,0,51442000,ws_5b
137720,3,0,2708250,ws_5b
137718,4,0,59318800,ws_5b
137716,3,0,2459650,ws_5b
137700,2,0,798800,ws_5b
137698,3,0,18102200,ws_5b
137689,1,0,1915000,ws_5b
137586,3,0,6005100,ws_5b
137674,5,0,5565150,ws_5b
137663,1,0,4469300,ws_5b
137625,1,0,230000,ws_5b
137619,3,0,1910820,ws_5b
137618,1,0,764950,ws_5b
137610,10,0,7812100,ws_5b
137598,11,0,17164500,ws_5b
137594,2,0,3200100,ws_5b
137590,1,0,174000,ws_5b
137588,8,0,11225134,ws_5b
137083,1,0,618000,ws_5b
137076,4,0,834700,ws_5b
135785,7,0,7893050,ws_5b
137074,22,0,24045248,ws_5b
136345,17,0,16180400,ws_5b
136340,7,0,9462600,ws_5b
136334,6,0,8673800,ws_5b
136324,1,0,301100,ws_5b
136318,6,0,31841600,ws_5b
136309,1,0,659400,ws_5b
136302,1,0,502000,ws_5b
136301,1,0,963750,ws_5b
136300,6,0,16440600,ws_5b
136289,2,0,4709500,ws_5b
136276,2,0,1355500,ws_5b
136263,1,0,3748000,ws_5b
136248,16,0,15531750,ws_5b
136236,3,0,576300,ws_5b
136235,2,0,1393000,ws_5b
136229,10,0,31461900,ws_5b
136225,4,0,2539500,ws_5b
136200,8,0,18438100,ws_5b
136199,5,0,4795700,ws_5b
135822,10,0,17056855,ws_5b
135818,6,0,6093650,ws_5b
135801,11,0,17294400,ws_5b
135788,6,0,5047150,ws_5b
136347,5,0,10898500,ws_5b
136430,2,0,3880550,ws_5b
136528,3,0,3080350,ws_5b
137024,3,0,2224550,ws_5b
137073,2,0,3275000,ws_5b
137068,3,0,3134500,ws_5b
137063,25,0,32269050,ws_5b
137061,6,0,9897750,ws_5b
137057,2,0,1164400,ws_5b
137054,1,0,5618700,ws_5b
137052,1,0,165100,ws_5b
137045,5,0,9129068,ws_5b
137031,1,0,2923500,ws_5b
137026,3,0,5436250,ws_5b
137022,4,0,6879900,ws_5b
136895,4,0,4758350,ws_5b
137021,5,0,5863900,ws_5b
137020,2,0,1654800,ws_5b
137019,23,0,48005650,ws_5b
136989,1,0,1407250,ws_5b
136988,4,0,3472050,ws_5b
136987,6,0,42233500,ws_5b
136986,2,0,1644000,ws_5b
136985,3,0,3257703,ws_5b
136965,1,0,5017000,ws_5b
136899,2,0,2098800,ws_5b
137748,1,0,1104000,ws_5b
137754,1,0,3915000,ws_5b
137799,7,0,18076800,ws_5b
137882,10,0,7702400,ws_5b
139137,4,0,12995450,ws_5b
139135,4,0,4269500,ws_5b
139134,1,0,7412700,ws_5b
139119,7,0,13051750,ws_5b
139117,1,0,381000,ws_5b
139114,1,0,607000,ws_5b
139111,2,0,864000,ws_5b
139107,3,0,4102200,ws_5b
139105,8,0,16291350,ws_5b
139102,5,0,17528400,ws_5b
139097,1,0,533000,ws_5b
139096,13,0,21043590,ws_5b
139093,3,0,3503500,ws_5b
139090,5,0,4845600,ws_5b
139085,2,0,1266100,ws_5b
139082,1,0,1074900,ws_5b
139081,6,0,13377446,ws_5b
139079,6,0,8326150,ws_5b
139076,5,0,8160800,ws_5b
139056,2,0,1630000,ws_5b
139051,2,0,1089000,ws_5b
139041,9,0,14017700,ws_5b
139035,2,0,1818000,ws_5b
139138,2,0,9804000,ws_5b
139158,2,0,1733920,ws_5b
139159,10,0,7673950,ws_5b
139433,12,0,10196500,ws_5b
139579,4,0,4519300,ws_5b
139568,3,0,2153300,ws_5b
139555,1,0,382800,ws_5b
139554,10,0,28395250,ws_5b
139549,4,0,4917600,ws_5b
139535,6,0,21462000,ws_5b
139509,20,0,33164519,ws_5b
139473,2,0,3124350,ws_5b
1130,8,0,10793284,ws_5b
139446,4,0,8295000,ws_5b
139404,6,0,16614500,ws_5b
139160,5,0,12900800,ws_5b
139401,4,0,13733200,ws_5b
139385,1,0,31600,ws_5b
139377,5,0,6355000,ws_5b
139376,2,0,2254500,ws_5b
139238,17,0,14072900,ws_5b
139227,1,0,4305400,ws_5b
139204,2,0,14933400,ws_5b
139191,4,0,6852000,ws_5b
139169,3,0,3151000,ws_5b
139161,1,0,1029000,ws_5b
139013,4,0,2157300,ws_5b
139009,1,0,299500,ws_5b
139002,4,0,4439650,ws_5b
137949,6,0,3515350,ws_5b
138067,7,0,14570875,ws_5b
138059,3,0,2011850,ws_5b
138056,1,0,1481000,ws_5b
138030,2,0,3479950,ws_5b
138029,4,0,9142150,ws_5b
138022,1,0,958600,ws_5b
138013,36,0,41397400,ws_5b
137986,18,0,29629250,ws_5b
137969,5,0,4758900,ws_5b
137950,1,0,1839000,ws_5b
137947,2,0,1347500,ws_5b
138090,4,0,13198250,ws_5b
137942,4,0,23505460,ws_5b
137940,4,0,5494450,ws_5b
137937,3,0,4238400,ws_5b
137934,12,0,14870050,ws_5b
137930,8,0,6187650,ws_5b
137926,3,0,9876000,ws_5b
137924,2,0,3158900,ws_5b
137919,14,0,43468123,ws_5b
137917,5,0,3567700,ws_5b
137913,7,0,14134300,ws_5b
138071,7,0,5353200,ws_5b
138106,5,0,4830700,ws_5b
138995,9,0,9764100,ws_5b
138796,5,0,4979300,ws_5b
138989,3,0,15049500,ws_5b
138935,2,0,5303000,ws_5b
138931,2,0,3657000,ws_5b
138926,1,0,2265000,ws_5b
138925,6,0,26038300,ws_5b
138918,9,0,8873200,ws_5b
138845,1,0,67687000,ws_5b
138838,7,0,11816450,ws_5b
138821,3,0,3576500,ws_5b
138797,15,0,30324250,ws_5b
138780,12,0,34719100,ws_5b
138154,2,0,605900,ws_5b
138755,2,0,2197250,ws_5b
138693,7,0,23284200,ws_5b
138680,5,0,2246100,ws_5b
138678,4,0,9562000,ws_5b
138661,2,0,4361950,ws_5b
138579,7,0,14239650,ws_5b
138430,3,0,3092714,ws_5b
138206,7,0,29635850,ws_5b
138175,3,0,2210000,ws_5b
138172,2,0,2806399,ws_5b
135786,8,0,10822400,ws_5b
135781,18,0,23852100,ws_5b
59899,3,0,12289550,ws_5b
68856,2,0,4777200,ws_5b
100848,3,0,4675700,ws_5b
100667,1,0,1419600,ws_5b
100666,1,0,3002000,ws_5b
100561,7,0,11315740,ws_5b
100534,24,0,52577650,ws_5b
100514,8,0,14260350,ws_5b
100453,5,0,3780300,ws_5b
99930,1,0,3267000,ws_5b
99817,2,0,855500,ws_5b
92415,1,0,1062500,ws_5b
92271,3,0,31056200,ws_5b
91878,16,0,10253475,ws_5b
91873,31,0,44701350,ws_5b
91340,1,0,1900500,ws_5b
91337,1,0,442100,ws_5b
91265,6,0,5904900,ws_5b
91229,1,0,197000,ws_5b
90350,2,0,1885800,ws_5b
90272,1,0,907000,ws_5b
89992,5,0,7652150,ws_5b
89933,1,0,3106550,ws_5b
89346,3,0,1772850,ws_5b
69032,1,0,373600,ws_5b
100925,4,0,10589900,ws_5b
100946,16,0,25212400,ws_5b
101132,11,0,69028000,ws_5b
128862,4,0,10281500,ws_5b
130078,6,0,5369225,ws_5b
130073,1,0,1113800,ws_5b
130072,1,0,198950,ws_5b
129997,1,0,601800,ws_5b
129987,4,0,18214700,ws_5b
129973,7,0,13244600,ws_5b
129537,2,0,3063000,ws_5b
129495,7,0,15397300,ws_5b
129473,3,0,6128922,ws_5b
129050,7,0,5871148,ws_5b
128793,8,0,37953300,ws_5b
101287,4,0,1619000,ws_5b
128792,2,0,385100,ws_5b
128752,2,0,1474600,ws_5b
101750,4,0,2533000,ws_5b
101585,7,0,7142400,ws_5b
101582,13,0,24243350,ws_5b
101573,1,0,220000,ws_5b
101448,4,0,4046350,ws_5b
101429,17,0,22784200,ws_5b
101409,3,0,1626100,ws_5b
101341,2,0,2604850,ws_5b
68874,6,0,21517600,ws_5b
68635,2,0,1343300,ws_5b
135779,11,0,11092200,ws_5b
68515,7,0,9933700,ws_5b
62349,1,0,1468800,ws_5b
61984,5,0,14317550,ws_5b
61608,1,0,110500,ws_5b
61562,1,0,1532800,ws_5b
61546,1,0,459600,ws_5b
61533,9,0,6469850,ws_5b
60937,1,0,791100,ws_5b
60855,1,0,326000,ws_5b
60841,2,0,26202600,ws_5b
60832,3,0,1628900,ws_5b
60663,14,0,15064400,ws_5b
60622,5,0,1974200,ws_5b
60593,6,0,3997700,ws_5b
60558,9,0,15424350,ws_5b
60421,2,0,15227000,ws_5b
60388,10,0,21588750,ws_5b
60134,11,0,18001900,ws_5b
60107,5,0,4070950,ws_5b
60102,3,0,9929000,ws_5b
60092,17,0,42666400,ws_5b
60087,1,0,5538500,ws_5b
60084,1,0,1042700,ws_5b
60022,1,0,963200,ws_5b
62604,2,0,3281760,ws_5b
62674,5,0,1897200,ws_5b
62776,1,0,889520,ws_5b
65533,2,0,3245500,ws_5b
67728,1,0,181000,ws_5b
67317,1,0,3150500,ws_5b
66871,1,0,893600,ws_5b
66868,20,0,62740500,ws_5b
66127,7,0,10236900,ws_5b
66121,35,0,91280800,ws_5b
66120,3,0,5056650,ws_5b
66104,3,0,3669400,ws_5b
66021,14,0,31683450,ws_5b
65757,6,0,10204100,ws_5b
65518,2,0,1546150,ws_5b
62779,2,0,7874229,ws_5b
65023,2,0,1892700,ws_5b
64593,1,0,536750,ws_5b
64588,5,0,9659650,ws_5b
64359,3,0,3773650,ws_5b
64298,2,0,4405750,ws_5b
63725,1,0,389600,ws_5b
63672,4,0,5482200,ws_5b
63655,1,0,487500,ws_5b
63636,8,0,10110300,ws_5b
63024,4,0,5213600,ws_5b
130430,2,0,3416500,ws_5b
130442,6,0,21032964,ws_5b
130475,2,0,2112350,ws_5b
130481,2,0,744250,ws_5b
135318,11,0,16601550,ws_5b
135291,20,0,35340350,ws_5b
135279,11,0,16486850,ws_5b
135150,8,0,15258500,ws_5b
135147,4,0,4338150,ws_5b
135132,2,0,10339000,ws_5b
134969,2,0,2947550,ws_5b
134953,6,0,6100060,ws_5b
134933,5,0,7892140,ws_5b
134923,2,0,1459550,ws_5b
134906,5,0,4913800,ws_5b
134896,3,0,2815500,ws_5b
134706,3,0,2455950,ws_5b
134694,3,0,2176850,ws_5b
134684,13,0,39002500,ws_5b
134671,6,0,12460800,ws_5b
134664,24,0,36051826,ws_5b
134660,2,0,1183000,ws_5b
134615,5,0,3766650,ws_5b
134600,1,0,3083400,ws_5b
134555,5,0,10903050,ws_5b
134388,5,0,2942950,ws_5b
134386,5,0,11791600,ws_5b
135320,1,0,835000,ws_5b
135527,9,0,26220050,ws_5b
135538,6,0,5787150,ws_5b
135639,1,0,1728500,ws_5b
135775,4,0,5781350,ws_5b
135771,4,0,5392600,ws_5b
135765,2,0,1808800,ws_5b
135756,9,0,4885400,ws_5b
135751,1,0,132400,ws_5b
135749,6,0,33039300,ws_5b
135714,3,0,2339200,ws_5b
135708,1,0,1309800,ws_5b
135705,6,0,13373750,ws_5b
135640,4,0,5036525,ws_5b
135622,9,0,4518285,ws_5b
135539,11,0,15821400,ws_5b
135619,24,0,16103850,ws_5b
135612,6,0,7355784,ws_5b
135607,2,0,2320500,ws_5b
135595,2,0,550100,ws_5b
135588,6,0,6643200,ws_5b
135568,2,0,1565100,ws_5b
135566,12,0,22179550,ws_5b
135564,2,0,6847900,ws_5b
135561,12,0,11263600,ws_5b
135560,36,0,99434100,ws_5b
134374,10,0,10411000,ws_5b
134363,6,0,19869200,ws_5b
134358,14,0,21439200,ws_5b
131638,24,0,27759550,ws_5b
132442,11,0,54572450,ws_5b
132183,17,0,48419500,ws_5b
132104,6,0,12944750,ws_5b
132072,3,0,4236500,ws_5b
131994,10,0,20882700,ws_5b
131725,5,0,2244000,ws_5b
131703,5,0,220134100,ws_5b
131672,21,0,52270722,ws_5b
131654,2,0,1452700,ws_5b
131644,1,0,268500,ws_5b
131451,10,0,27430700,ws_5b
132745,19,0,42936179,ws_5b
131438,2,0,1810250,ws_5b
131423,4,0,2670250,ws_5b
131086,2,0,2435700,ws_5b
131005,1,0,114781,ws_5b
130747,9,0,22211900,ws_5b
130630,2,0,1742325,ws_5b
130615,10,0,6105450,ws_5b
130561,4,0,18079000,ws_5b
130523,4,0,3835500,ws_5b
130498,1,0,842300,ws_5b
132446,10,0,22958050,ws_5b
132747,43,0,63193500,ws_5b
134316,1,0,505100,ws_5b
133278,10,0,8399962,ws_5b
134284,2,0,3699990,ws_5b
133701,5,0,6152300,ws_5b
133638,12,0,6668700,ws_5b
133489,3,0,1384050,ws_5b
133486,1,0,654500,ws_5b
133415,2,0,5151000,ws_5b
133403,5,0,16494700,ws_5b
133390,6,0,12799300,ws_5b
133358,6,0,31975950,ws_5b
133306,1,0,557550,ws_5b
133272,8,0,5525000,ws_5b
132801,2,0,3847420,ws_5b
133230,4,0,5502840,ws_5b
133124,29,0,54170100,ws_5b
133041,1,0,4900000,ws_5b
132972,7,0,2760550,ws_5b
132955,9,0,3611100,ws_5b
132935,12,0,20883906,ws_5b
132896,3,0,4358000,ws_5b
132885,4,0,11603700,ws_5b
132849,1,0,687250,ws_5b
132825,4,0,11014150,ws_5b
1329587,1,0,79500,ws_5b
